timestamp,event_type,track_id,vehicle_class,lane_or_line,extra
1788635064.7458506,count,2,Car,Near-Carriageway,outbound
1788635065.0694683,count,1,Car,Near-Carriageway,outbound
1788635065.3838177,count,15,Car,Far-Carriageway,inbound
1788635066.4550314,count,21,Truck,Near-Carriageway,outbound
1788635069.0742211,count,28,Car,Near-Carriageway,outbound
1788635071.0460684,count,45,Car,Near-Carriageway,outbound
1788635071.958727,count,47,Car,Near-Carriageway,outbound
1788635072.2622035,count,5,Car,Near-Carriageway,outbound
1788635073.5301306,count,59,Car,Near-Carriageway,outbound
1788635075.872351,count,4,Car,Near-Carriageway,outbound
1788635076.2040873,count,68,Car,Near-Carriageway,outbound
1788635077.392338,count,76,Car,Near-Carriageway,outbound
1788635077.9467466,count,78,Car,Near-Carriageway,outbound
1788635078.9229286,count,85,Car,Near-Carriageway,outbound
1788635080.262654,count,86,Car,Near-Carriageway,outbound
1788635080.6612322,count,87,Car,Near-Carriageway,outbound
1788635080.8992136,count,97,Car,Far-Carriageway,inbound
1788635082.1835327,count,100,Car,Near-Carriageway,outbound
1788635082.9792898,count,101,Car,Near-Carriageway,outbound
1788635082.9792898,count,103,Car,Near-Carriageway,outbound
1788635082.9792898,count,106,Bus,Far-Carriageway,inbound
1788635084.8810806,count,111,Car,Near-Carriageway,outbound
1788635085.912759,count,114,Car,Near-Carriageway,outbound
1788635086.0712588,count,115,Car,Near-Carriageway,outbound
1788635087.4495316,count,124,Car,Near-Carriageway,outbound
1788635087.4495316,count,126,Car,Near-Carriageway,outbound
1788635088.0282109,count,129,Car,Near-Carriageway,outbound
1788635089.3307748,count,141,Car,Near-Carriageway,outbound
1788635089.9498987,count,145,Car,Near-Carriageway,outbound
1788635091.2351372,count,160,Car,Near-Carriageway,outbound
1788635092.0342722,count,165,Car,Near-Carriageway,outbound
1788635092.3753145,count,175,Car,Near-Carriageway,outbound
1788635094.444134,count,182,Car,Near-Carriageway,outbound
1788635095.2294302,count,187,Car,Near-Carriageway,outbound
1788635096.2731938,count,200,Car,Near-Carriageway,outbound
1788635096.9092278,count,211,Car,Near-Carriageway,outbound
1788635097.0692897,count,208,Car,Near-Carriageway,outbound
1788635098.7817428,count,223,Car,Near-Carriageway,outbound
1788635099.4134722,count,226,Car,Near-Carriageway,outbound
1788635099.569116,count,227,Car,Near-Carriageway,outbound
1788635101.1458733,count,245,Car,Near-Carriageway,outbound
1788635101.3850133,count,247,Bus,Near-Carriageway,outbound
1788635102.579582,count,257,Truck,Near-Carriageway,outbound
1788635104.4718215,count,274,Car,Near-Carriageway,outbound
1788635105.452942,count,280,Car,Near-Carriageway,outbound
1788635107.5851371,count,299,Bus,Near-Carriageway,outbound
1788635108.742632,count,311,Car,Near-Carriageway,outbound
1788635109.2913265,count,320,Car,Near-Carriageway,outbound
1788635110.5828724,count,331,Car,Near-Carriageway,outbound
1788635111.5806675,count,337,Car,Near-Carriageway,outbound
1788635111.903027,count,339,Car,Near-Carriageway,outbound
1788635114.0883,count,358,Car,Near-Carriageway,outbound
1788635114.2561443,count,371,Car,Near-Carriageway,outbound
1788635115.0748165,count,384,Car,Near-Carriageway,outbound
1788635116.4111881,count,392,Car,Near-Carriageway,outbound
1788635116.888169,count,396,Car,Near-Carriageway,outbound
1788635117.7427282,count,403,Car,Near-Carriageway,outbound
1788635118.128086,count,410,Car,Near-Carriageway,outbound
1788635118.6881428,count,411,Car,Near-Carriageway,outbound
1788635119.4012558,count,413,Car,Near-Carriageway,outbound
1788635121.6709023,count,426,Car,Near-Carriageway,outbound
1788635122.2360098,count,428,Car,Near-Carriageway,outbound
1788635123.7344813,count,440,Car,Near-Carriageway,outbound
1788635124.0409498,count,442,Car,Near-Carriageway,outbound
1788635125.2656918,count,447,Car,Near-Carriageway,outbound
1788635125.5755892,count,452,Car,Near-Carriageway,outbound
1788635125.651555,count,450,Car,Near-Carriageway,outbound
1788635127.3859217,count,466,Car,Near-Carriageway,outbound
1788635128.8102837,count,468,Car,Near-Carriageway,outbound
1788635128.8102837,count,469,Car,Near-Carriageway,outbound
1788635130.344491,count,473,Car,Near-Carriageway,outbound
1788635130.4225924,count,477,Car,Near-Carriageway,outbound
1788635130.8249688,count,478,Truck,Near-Carriageway,outbound
1788635131.3837414,count,482,Car,Near-Carriageway,outbound
1788635132.0870833,count,487,Bus,Near-Carriageway,outbound
1788635132.883007,count,496,Car,Near-Carriageway,outbound
1788635134.5973322,count,506,Car,Near-Carriageway,outbound
1788635134.9118357,count,509,Car,Near-Carriageway,outbound
1788635135.8396719,count,511,Car,Near-Carriageway,outbound
1788635137.45556,count,528,Car,Near-Carriageway,outbound
1788635137.8426313,count,530,Car,Near-Carriageway,outbound
1788635138.776994,count,535,Car,Near-Carriageway,outbound
1788635138.855363,count,539,Car,Near-Carriageway,outbound
1788635138.9329593,count,537,Car,Near-Carriageway,outbound
1788635139.7154257,count,551,Car,Near-Carriageway,outbound
1788635140.104837,count,559,Car,Near-Carriageway,outbound
1788635141.598498,count,568,Car,Near-Carriageway,outbound
1788635143.6555436,count,576,Car,Near-Carriageway,outbound
1788635144.0611598,count,582,Car,Near-Carriageway,outbound
1788635145.0616748,count,591,Car,Near-Carriageway,outbound
1788635146.2471583,count,601,Car,Near-Carriageway,outbound
1788635146.7051911,count,603,Car,Near-Carriageway,outbound
1788635146.9369326,count,604,Car,Near-Carriageway,outbound
1788635148.4529366,count,610,Car,Near-Carriageway,outbound
1788635151.4116898,count,631,Car,Near-Carriageway,outbound
1788635152.4652085,count,641,Car,Near-Carriageway,outbound
1788635153.975127,count,647,Car,Near-Carriageway,outbound
1788635155.1119502,count,650,Car,Near-Carriageway,outbound
1788635156.5871508,count,654,Car,Near-Carriageway,outbound
1788635156.8238637,count,656,Car,Near-Carriageway,outbound
1788635158.7691927,count,677,Car,Near-Carriageway,outbound
1788635160.542237,count,688,Car,Near-Carriageway,outbound
1788635160.8575926,count,689,Car,Near-Carriageway,outbound
1788635161.1745045,count,692,Car,Near-Carriageway,outbound
1788635161.9784966,count,694,Car,Near-Carriageway,outbound
1788635163.1079366,count,699,Car,Far-Carriageway,inbound
1788635163.745314,count,702,Car,Near-Carriageway,outbound
1788635163.745314,count,703,Car,Near-Carriageway,outbound
1788635164.9210136,count,708,Car,Near-Carriageway,outbound
1788635165.4130063,count,711,Car,Near-Carriageway,outbound
1788635167.1638503,count,719,Car,Near-Carriageway,outbound
1788635167.3986433,count,722,Truck,Near-Carriageway,outbound
1788635167.5584087,count,720,Car,Near-Carriageway,outbound
1788635169.5649278,count,748,Car,Near-Carriageway,outbound
1788635170.1272838,count,752,Car,Near-Carriageway,outbound
1788635170.529941,count,753,Car,Near-Carriageway,outbound
1788635171.3370726,count,765,Car,Near-Carriageway,outbound
1788635173.0977376,count,770,Car,Near-Carriageway,outbound
1788635173.4189112,count,774,Car,Far-Carriageway,inbound
1788635173.5026243,count,772,Car,Near-Carriageway,outbound
1788635175.5680933,count,785,Car,Near-Carriageway,outbound
1788635175.6468966,count,783,Car,Near-Carriageway,outbound
1788635176.8163648,count,791,Car,Near-Carriageway,outbound
1788635177.442392,count,799,Car,Near-Carriageway,outbound
1788635178.1587305,count,805,Car,Near-Carriageway,outbound
1788635179.4234967,count,810,Car,Near-Carriageway,outbound
1788635179.6699107,count,811,Car,Near-Carriageway,outbound
1788635179.9067037,count,814,Car,Near-Carriageway,outbound
1788635181.0768604,count,818,Car,Near-Carriageway,outbound
1788635181.6295755,count,823,Car,Near-Carriageway,outbound
1788635182.2574582,count,829,Car,Near-Carriageway,outbound
1788635182.7251585,count,835,Car,Near-Carriageway,outbound
1788635183.3384812,count,840,Car,Near-Carriageway,outbound
